START TRANSACTION;

DELETE FROM restodb.shifts;
DELETE FROM restodb.staff_accesses;
DELETE FROM restodb.staff_rolls;
DELETE FROM restodb.staffs;
DELETE FROM restodb.rolls;
DELETE FROM restodb.gates;
DELETE FROM restodb.customer_visits;
DELETE FROM restodb.customer_reserves;
DELETE FROM restodb.customer_addresses;
DELETE FROM restodb.customers;
DELETE FROM restodb.addresses;
DELETE FROM restodb.seats;
DELETE FROM restodb.order_deliveres;
DELETE FROM restodb.order_menus;
DELETE FROM restodb.orders;
DELETE FROM restodb.menu_products;
DELETE FROM restodb.menus;
DELETE FROM restodb.products;
DELETE FROM restodb.calendar;
INSERT INTO restodb.calendar
  (calendar_date,calendar_type_cd,open_time,close_time,calendar_comment)
VALUES
  ('2024-09-01',1,'11:00','23:00',NULL),
  ('2024-09-02',1,'11:00','23:00',NULL),
  ('2024-09-03',1,'11:00','23:00',NULL),
  ('2024-09-04',2,NULL,NULL,NULL),
  ('2024-09-05',1,'11:00','23:00',NULL),
  ('2024-09-06',1,'11:00','23:00',NULL),
  ('2024-09-07',1,'11:00','23:00',NULL),
  ('2024-09-08',1,'11:00','23:00',NULL),
  ('2024-09-09',1,'11:00','23:00',NULL),
  ('2024-09-10',1,'11:00','23:00',NULL),
  ('2024-09-11',2,NULL,NULL,NULL),
  ('2024-09-12',1,'11:00','23:00',NULL),
  ('2024-09-13',1,'11:00','23:00',NULL),
  ('2024-09-14',1,'11:00','23:00',NULL),
  ('2024-09-15',1,'11:00','23:00',NULL),
  ('2024-09-16',1,'11:00','23:00',NULL),
  ('2024-09-17',1,'11:00','23:00',NULL),
  ('2024-09-18',2,NULL,NULL,NULL),
  ('2024-09-19',1,'11:00','23:00',NULL),
  ('2024-09-20',1,'11:00','23:00',NULL),
  ('2024-09-21',1,'11:00','23:00',NULL),
  ('2024-09-22',1,'11:00','23:00',NULL),
  ('2024-09-23',1,'11:00','23:00',NULL),
  ('2024-09-24',1,'11:00','23:00',NULL),
  ('2024-09-25',2,NULL,NULL,NULL),
  ('2024-09-26',1,'11:00','23:00',NULL),
  ('2024-09-27',1,'11:00','23:00',NULL),
  ('2024-09-28',1,'11:00','23:00',NULL),
  ('2024-09-29',1,'11:00','23:00',NULL),
  ('2024-09-30',1,'11:00','23:00',NULL),
  ('2024-10-01',1,'11:00','23:00',NULL),
  ('2024-10-02',2,NULL,NULL,NULL),
  ('2024-10-03',1,'11:00','23:00',NULL),
  ('2024-10-04',1,'11:00','23:00',NULL),
  ('2024-10-05',1,'11:00','23:00',NULL),
  ('2024-10-06',1,'11:00','23:00',NULL),
  ('2024-10-07',1,'11:00','23:00',NULL),
  ('2024-10-08',1,'11:00','23:00',NULL),
  ('2024-10-09',2,NULL,NULL,NULL),
  ('2024-10-10',1,'11:00','23:00',NULL),
  ('2024-10-11',1,'11:00','23:00',NULL),
  ('2024-10-12',1,'11:00','23:00',NULL),
  ('2024-10-13',1,'11:00','23:00',NULL),
  ('2024-10-14',1,'11:00','23:00',NULL),
  ('2024-10-15',1,'11:00','23:00',NULL),
  ('2024-10-16',2,NULL,NULL,NULL),
  ('2024-10-17',1,'11:00','23:00',NULL),
  ('2024-10-18',1,'11:00','23:00',NULL),
  ('2024-10-19',1,'11:00','23:00',NULL),
  ('2024-10-20',1,'11:00','23:00',NULL),
  ('2024-10-21',1,'11:00','23:00',NULL),
  ('2024-10-22',1,'11:00','23:00',NULL),
  ('2024-10-23',2,NULL,NULL,NULL),
  ('2024-10-24',1,'11:00','23:00',NULL),
  ('2024-10-25',1,'11:00','23:00',NULL),
  ('2024-10-26',1,'11:00','23:00',NULL),
  ('2024-10-27',1,'11:00','23:00',NULL),
  ('2024-10-28',1,'11:00','23:00',NULL),
  ('2024-10-29',1,'11:00','23:00',NULL),
  ('2024-10-30',2,NULL,NULL,NULL),
  ('2024-10-31',1,'11:00','23:00',NULL),
  ('2024-11-01',1,'11:00','23:00',NULL),
  ('2024-11-02',1,'11:00','23:00',NULL),
  ('2024-11-03',1,'11:00','23:00',NULL),
  ('2024-11-04',1,'11:00','23:00',NULL),
  ('2024-11-05',1,'11:00','23:00',NULL),
  ('2024-11-06',2,NULL,NULL,NULL),
  ('2024-11-07',1,'11:00','23:00',NULL),
  ('2024-11-08',1,'11:00','23:00',NULL),
  ('2024-11-09',1,'11:00','23:00',NULL),
  ('2024-11-10',1,'11:00','23:00',NULL),
  ('2024-11-11',1,'11:00','23:00',NULL),
  ('2024-11-12',1,'11:00','23:00',NULL),
  ('2024-11-13',2,NULL,NULL,NULL),
  ('2024-11-14',1,'11:00','23:00',NULL),
  ('2024-11-15',1,'11:00','23:00',NULL),
  ('2024-11-16',1,'11:00','23:00',NULL),
  ('2024-11-17',1,'11:00','23:00',NULL),
  ('2024-11-18',1,'11:00','23:00',NULL),
  ('2024-11-19',1,'11:00','23:00',NULL),
  ('2024-11-20',2,NULL,NULL,NULL),
  ('2024-11-21',1,'11:00','23:00',NULL),
  ('2024-11-22',1,'11:00','23:00',NULL),
  ('2024-11-23',1,'11:00','23:00',NULL),
  ('2024-11-24',1,'11:00','23:00',NULL),
  ('2024-11-25',1,'11:00','23:00',NULL),
  ('2024-11-26',1,'11:00','23:00',NULL),
  ('2024-11-27',2,NULL,NULL,NULL),
  ('2024-11-28',1,'11:00','23:00',NULL),
  ('2024-11-29',1,'11:00','23:00',NULL),
  ('2024-11-30',1,'11:00','23:00',NULL),
  ('2024-12-01',1,'11:00','23:00',NULL),
  ('2024-12-02',1,'11:00','23:00',NULL),
  ('2024-12-03',1,'11:00','23:00',NULL),
  ('2024-12-04',2,NULL,NULL,NULL),
  ('2024-12-05',1,'11:00','23:00',NULL),
  ('2024-12-06',1,'11:00','23:00',NULL),
  ('2024-12-07',1,'11:00','23:00',NULL),
  ('2024-12-08',1,'11:00','23:00',NULL),
  ('2024-12-09',1,'11:00','23:00',NULL),
  ('2024-12-10',1,'11:00','23:00',NULL),
  ('2024-12-11',2,NULL,NULL,NULL),
  ('2024-12-12',1,'11:00','23:00',NULL),
  ('2024-12-13',1,'11:00','23:00',NULL),
  ('2024-12-14',1,'11:00','23:00',NULL),
  ('2024-12-15',1,'11:00','23:00',NULL),
  ('2024-12-16',1,'11:00','23:00',NULL),
  ('2024-12-17',1,'11:00','23:00',NULL),
  ('2024-12-18',2,NULL,NULL,NULL),
  ('2024-12-19',1,'11:00','23:00',NULL),
  ('2024-12-20',1,'11:00','23:00',NULL),
  ('2024-12-21',1,'11:00','23:00',NULL),
  ('2024-12-22',1,'11:00','23:00',NULL),
  ('2024-12-23',1,'11:00','23:00',NULL),
  ('2024-12-24',1,'11:00','23:00',NULL),
  ('2024-12-25',2,NULL,NULL,NULL),
  ('2024-12-26',1,'11:00','23:00',NULL),
  ('2024-12-27',1,'11:00','23:00',NULL),
  ('2024-12-28',1,'11:00','23:00',NULL),
  ('2024-12-29',1,'11:00','23:00',NULL),
  ('2024-12-30',1,'11:00','23:00',NULL)
;

INSERT INTO restodb.products
  (id,product_name,product_type_cd,lead_time,product_overview)
VALUES
  (1,'Margherita Small',1,10,NULL),
  (2,'Margherita Medium',1,12,NULL),
  (3,'Margherita Large',1,14,NULL),
  (4,'Margherita Extra Large',1,16,NULL),
  (5,'Marinara Small',1,10,NULL),
  (6,'Marinara Medium',1,12,NULL),
  (7,'Marinara Large',1,14,NULL),
  (8,'Marinara Extra Large',1,16,NULL),
  (9,'Quattro Formaggi Small',1,10,NULL),
  (10,'Quattro Formaggi Medium',1,12,NULL),
  (11,'Quattro Formaggi Large',1,14,NULL),
  (12,'Quattro Formaggi Extra Large',1,16,NULL),
  (13,'Boscaiola Small',1,12,NULL),
  (14,'Boscaiola Medium',1,14,NULL),
  (15,'Boscaiola Large',1,16,NULL),
  (16,'Boscaiola Extra Large',1,18,NULL),
  (17,'Siciliana Small',1,10,NULL),
  (18,'Siciliana Medium',1,12,NULL),
  (19,'Siciliana Large',1,14,NULL),
  (20,'Siciliana Extra Large',1,16,NULL),
  (21,'Pescatore Small',1,12,NULL),
  (22,'Pescatore Medium',1,14,NULL),
  (23,'Pescatore Large',1,16,NULL),
  (24,'Pescatore Extra Large',1,18,NULL),
  (25,'Genovese Small',1,10,NULL),
  (26,'Genovese Medium',1,12,NULL),
  (27,'Genovese Large',1,14,NULL),
  (28,'Genovese Extra Large',1,16,NULL),
  (29,'Chicken wings',2,5,NULL),
  (30,'Garlic bread',2,5,NULL),
  (31,'Side salad',2,1,NULL),
  (32,'French fries',2,5,NULL),
  (33,'Green tea',3,0,NULL),
  (34,'Black tea',3,0,NULL),
  (35,'Coffee',3,0,NULL),
  (36,'Coke',3,0,NULL),
  (37,'Beer',3,0,NULL),
  (38,'Oolong tea',3,0,NULL),
  (39,'Ginger ale',3,0,NULL),
  (40,'Chicken wings',3,0,NULL),
  (41,'Garlic bread',3,0,NULL),
  (42,'Fries',3,0,NULL)
;

INSERT INTO restodb.menus
  (id,menu_name,menu_type_cd,provide_cd,menu_price,menu_overview)
VALUES
  (1,'Margherita Small',1,1,10,NULL),
  (2,'Margherita Medium',1,1,12,NULL),
  (3,'Margherita Large',1,1,14,NULL),
  (4,'Margherita Extra Large',1,1,16,NULL),
  (5,'Marinara Small',1,1,10,NULL),
  (6,'Marinara Medium',1,1,12,NULL),
  (7,'Marinara Large',1,1,14,NULL),
  (8,'Marinara Extra Large',1,1,16,NULL),
  (9,'Quattro Formaggi Small',1,1,10,NULL),
  (10,'Quattro Formaggi Medium',1,1,12,NULL),
  (11,'Quattro Formaggi Large',1,1,14,NULL),
  (12,'Quattro Formaggi Extra Large',1,1,16,NULL),
  (13,'Boscaiola Small',1,1,12,NULL),
  (14,'Boscaiola Medium',1,1,14,NULL),
  (15,'Boscaiola Large',1,1,16,NULL),
  (16,'Boscaiola Extra Large',1,1,18,NULL),
  (17,'Siciliana Small',1,1,10,NULL),
  (18,'Siciliana Medium',1,1,12,NULL),
  (19,'Siciliana Large',1,1,14,NULL),
  (20,'Siciliana Extra Large',1,1,16,NULL),
  (21,'Pescatore Small',1,1,12,NULL),
  (22,'Pescatore Medium',1,1,14,NULL),
  (23,'Pescatore Large',1,1,16,NULL),
  (24,'Pescatore Extra Large',1,1,18,NULL),
  (25,'Genovese Small',1,1,10,NULL),
  (26,'Genovese Medium',1,1,12,NULL),
  (27,'Genovese Large',1,1,14,NULL),
  (28,'Genovese Extra Large',1,1,16,NULL),
  (29,'Chicken wings',1,1,5,NULL),
  (30,'Garlic bread',1,1,5,NULL),
  (31,'Side salad',1,1,5,NULL),
  (32,'French fries',1,1,5,NULL),
  (33,'Green tea',1,1,2,NULL),
  (34,'Black tea',1,1,2,NULL),
  (35,'Coffee',1,1,2,NULL),
  (36,'Coke',1,1,2,NULL),
  (37,'Beer',1,1,3,NULL),
  (38,'Oolong tea',1,1,2,NULL),
  (39,'Ginger ale',1,1,2,NULL),
  (40,'Chicken wings',1,1,2,NULL),
  (41,'Garlic bread',1,1,2,NULL),
  (42,'Fries',1,1,2,NULL),
  (43,'Pepperoni',2,1,1,NULL),
  (44,'Mushrooms',2,1,1,NULL),
  (45,'Bell peppers',2,1,1,NULL),
  (46,'Onions',2,1,1,NULL),
  (47,'Olives',2,1,1,NULL),
  (48,'Sausage',2,1,1,NULL),
  (49,'Monterey Jack cheese',2,1,1,NULL),
  (50,'Cheddar cheese',2,1,1,NULL),
  (51,'Tomatoes',2,1,1,NULL),
  (52,'Bacon',2,1,1,NULL)
;

INSERT INTO restodb.menu_products
  (id,menu_id,product_id,display_order)
VALUES
  (1,1,1,1),
  (2,2,2,2),
  (3,3,3,3),
  (4,4,4,4),
  (5,5,5,5),
  (6,6,6,6),
  (7,7,7,7),
  (8,8,8,8),
  (9,9,9,9),
  (10,10,10,10),
  (11,11,11,11),
  (12,12,12,12),
  (13,13,13,13),
  (14,14,14,14),
  (15,15,15,15),
  (16,16,16,16),
  (17,17,17,17),
  (18,18,18,18),
  (19,19,19,19),
  (20,20,20,20),
  (21,21,21,21),
  (22,22,22,22),
  (23,23,23,23),
  (24,24,24,24),
  (25,25,25,25),
  (26,26,26,26),
  (27,27,27,27),
  (28,28,28,28),
  (29,29,29,29),
  (30,30,30,30),
  (31,31,31,31),
  (32,32,32,32),
  (33,33,33,33),
  (34,34,34,34),
  (35,35,35,35),
  (36,36,36,36),
  (37,37,37,37),
  (38,38,38,38),
  (39,39,39,39),
  (40,40,40,40),
  (41,41,41,41),
  (42,42,42,42)
;

INSERT INTO restodb.seats
  (id,seet_name,seat_type_cd,seet_count,seat_comment)
VALUES
  (1,'counter',1,12,NULL),
  (2,'table-A',2,4,NULL),
  (3,'table-B',2,4,NULL),
  (4,'table-C',2,4,NULL),
  (5,'table-D',2,4,NULL),
  (6,'table-E',2,4,'terrace'),
  (7,'table-F',2,4,'terrace'),
  (8,'booth-A',3,4,NULL),
  (9,'booth-B',3,4,NULL),
  (10,'booth-C',3,4,NULL)
;

INSERT INTO restodb.addresses
  (id,first_name,last_name,gender_cd,address,email_address,phone_number)
VALUES
  (1,'Abigail','Hernandez',2,'82-5 Una Vallis','abigail.h@example.com','XXX-974-5439'),
  (2,'Alexander','Anderson',1,'287-3 Durius Valles','alexander.a@example.com','XXX-400-5392'),
  (3,'Amanda','Johnson',2,'282-4 Utopia Planitia','amanda.j@example.com','XXX-272-1262'),
  (4,'Amelia','Jones',2,'166-2 Tinto Vallis','amelia.j@example.com','XXX-012-1324'),
  (5,'Aria','Brown',2,'152-5 Centauri Montes','aria.b@example.com','XXX-726-9363'),
  (6,'Ashley','Martin',2,'299-8 Bosporos Planum','ashley.m@example.com','XXX-831-6906'),
  (7,'Aurora','Davis',2,'103-3 Axius Valles','aurora.d@example.com','XXX-408-5878'),
  (8,'Ava','Martinez',2,'82-12 Amazonis Planitia','ava.m@example.com','XXX-004-9396'),
  (9,'Avery','Miller',2,'27-5 Ascuris Planum','avery.m@example.com','XXX-931-5474'),
  (10,'Benjamin','Garcia',1,'66-14 Elysium Planitia','benjamin.g@example.com','XXX-973-2509'),
  (11,'Camila','Moore',2,'228-2 Coronae Planum','camila.m@example.com','XXX-940-8850'),
  (12,'Charles','Hernandez',1,'81-15 Chalce Montes','charles.h@example.com','XXX-061-2330'),
  (13,'Charlotte','Rodriguez',2,'180-17 Grjota Valles','charlotte.r@example.com','XXX-231-3945'),
  (14,'Chloe','Johnson',2,'49-12 Isidis Planitia','chloe.j@example.com','XXX-836-3865'),
  (15,'Daniel','Jones',1,'250-11 Padus Vallis','daniel.j@example.com','XXX-445-4642'),
  (16,'David','Martin',1,'189-9 Locras Valles','david.m@example.com','XXX-943-8793'),
  (17,'Dorothy','Smith',2,'65-13 Termes Vallis','dorothy.s@example.com','XXX-765-1408'),
  (18,'Eleanor','Taylor',2,'45-2 Verde Vallis','eleanor.t@example.com','XXX-218-4796'),
  (19,'Elijah','Martinez',1,'99-4 Hibes Montes','elijah.m@example.com','XXX-655-5712'),
  (20,'Elizabeth','Thompson',2,'232-9 Moa Valles','elizabeth.t@example.com','XXX-624-3348'),
  (21,'Ella','White',2,'80 Argentea Planum','ella.w@example.com','XXX-946-0791'),
  (22,'Ellie','Miller',2,'34-5 Runa Vallis','ellie.m@example.com','XXX-510-3581'),
  (23,'Emma','Wilson',2,'238-10 Chryse Planitia','emma.w@example.com','XXX-043-5557'),
  (24,'Ethan','Moore',1,'93-11 Granicus Valles','ethan.m@example.com','XXX-060-4077'),
  (25,'Evelyn','Anderson',2,'173-11 Hibes Montes','evelyn.a@example.com','XXX-236-4207'),
  (26,'George','Rodriguez',1,'151-16 Argyre Planitia','george.r@example.com','XXX-319-3969'),
  (27,'Gianna','Brown',2,'282-9 Frento Vallis','gianna.b@example.com','XXX-869-2508'),
  (28,'Harper','Davis',1,'249-7 Louros Valles','harper.d@example.com','XXX-941-9649'),
  (29,'Harry','Garcia',1,'236-5 Euripus Mons','harry.g@example.com','XXX-667-3862'),
  (30,'Henry','Smith',1,'204-18 Asopus Vallis','henry.s@example.com','XXX-313-2708'),
  (31,'Isabella','Hernandez',2,'176-6 Ascraeus Mons','isabella.h@example.com','XXX-356-7828'),
  (32,'Jack','Taylor',1,'100-12 Stura Vallis','jack.t@example.com','XXX-738-3754'),
  (33,'Jackson','Thompson',1,'70-11 Gonnus Mons','jackson.t@example.com','XXX-803-6422'),
  (34,'Jacob','Johnson',1,'43-17 Syria Mons','jacob.j@example.com','XXX-189-0415'),
  (35,'James','White',1,'83-18 Nepenthes Planum','james.w@example.com','XXX-797-9810'),
  (36,'Jennifer','Jones',2,'107-17 Labou Vallis','jennifer.j@example.com','XXX-916-5657'),
  (37,'Jessica','Martin',2,'223-2 Vedra Valles','jessica.m@example.com','XXX-104-5481'),
  (38,'John','Smith',1,'10-18 Geryon Montes','john.s@example.com','XXX-741-9881'),
  (39,'John','Wilson',1,'297-14 Eridania Planitia','john.w@example.com','XXX-789-8825'),
  (40,'Joseph','Martinez',1,'173-16 Mawrth Vallis','joseph.m@example.com','XXX-435-0920'),
  (41,'Layla','Anderson',2,'271-19 Matrona Vallis','layla.a@example.com','XXX-551-5120'),
  (42,'Levi','Brown',2,'293-8 Charitum Montes','levi.b@example.com','XXX-668-3943'),
  (43,'Liam','Davis',1,'135-1 Hermus Vallis','liam.d@example.com','XXX-526-3448'),
  (44,'Lily','Garcia',2,'185-11 Tisia Valles','lily.g@example.com','XXX-724-8856'),
  (45,'Lucas','Hernandez',1,'252-9 Al-Qahira Vallis','lucas.h@example.com','XXX-904-1818'),
  (46,'Luna','Miller',2,'294-17 Elaver Vallis','luna.m@example.com','XXX-044-9533'),
  (47,'Madison','Johnson',1,'143 Argyre Mons','madison.j@example.com','XXX-761-2628'),
  (48,'Margaret','Moore',2,'187-5 Hadriacus Mons','margaret.m@example.com','XXX-436-6463'),
  (49,'Mary','Rodriguez',2,'29-5 Mamers Valles','mary.r@example.com','XXX-467-6161'),
  (50,'Mason','Jones',1,'225-1 Maumee Valles','mason.j@example.com','XXX-837-9065'),
  (51,'Mateo','Martin',1,'226-14 Amazonis Planitia','mateo.m@example.com','XXX-779-8138'),
  (52,'Mia','Smith',2,'191-9 Ravi Vallis','mia.s@example.com','XXX-381-2595'),
  (53,'Michael','Martinez',1,'25-7 Melas Chasma','michael.m@example.com','XXX-517-2065'),
  (54,'Mila','Miller',2,'96-7 Dittaino Valles','mila.m@example.com','XXX-323-5217'),
  (55,'Noah','Moore',1,'283-18 Huo Hsing','noah.m@example.com','XXX-803-6548'),
  (56,'Oliver','Rodriguez',1,'35-3 Amenthes Planum','oliver.r@example.com','XXX-195-1135'),
  (57,'Olivia','Taylor',2,'170-9 Hadriacus Mons','olivia.t@example.com','XXX-318-8536'),
  (58,'Penelope','Smith',2,'296-19 Peraea Mons','penelope.s@example.com','XXX-926-3165'),
  (59,'Peter','Taylor',1,'144-11 Oltis Valles','peter.t@example.com','XXX-778-9761'),
  (60,'Richard','Thompson',1,'187-2 Ascuris Planum','richard.t@example.com','XXX-882-6751'),
  (61,'Robert','Thompson',1,'67-1 Ravi Vallis','robert.t@example.com','XXX-672-1523'),
  (62,'Sarah','White',2,'242-3 Geryon Montes','sarah.w@example.com','XXX-800-7705'),
  (63,'Scarlett','Wilson',2,'190-19 Tharsis Montes','scarlett.w@example.com','XXX-174-5337'),
  (64,'Sebastian','White',1,'32-19 Uzboi Vallis','sebastian.w@example.com','XXX-193-6542'),
  (65,'Sofia','Wilson',2,'203-3 Her Desher','sofia.w@example.com','XXX-311-2539'),
  (66,'Sophia','Anderson',2,'13-5 Eos Chasma','sophia.a@example.com','XXX-726-6132'),
  (67,'Susan','Brown',2,'143-7 Harmakhis Vallis','susan.b@example.com','XXX-565-6562'),
  (68,'Theodore','Anderson',1,'17-13 Clanis Valles','theodore.a@example.com','XXX-131-9087'),
  (69,'Thomas','Brown',1,'103-12 Ganges Chasma','thomas.b@example.com','XXX-308-9216'),
  (70,'Victoria','Davis',2,'244-12 Charitum Montes','victoria.d@example.com','XXX-254-3188'),
  (71,'William','Garcia',1,'56-12 Hypsas Vallis','william.g@example.com','XXX-416-6645')
;

INSERT INTO restodb.gates
  (id,gate_name,gate_type_cd)
VALUES
  (1,'Store Entrance',2),
  (2,'Store Exit',5),
  (3,'Floor Entrance',2),
  (4,'Floor Exit',5),
  (5,'Staff Entrance',1),
  (6,'Staff Exit',5),
  (7,'Delivery Entrance',1),
  (8,'Delivery Exit',4)
;

INSERT INTO restodb.rolls
  (id,roll_name)
VALUES
  (1,'Manager'),
  (2,'Administration'),
  (3,'Cooking'),
  (4,'Customer Service'),
  (5,'Delivery')
;

INSERT INTO restodb.staffs
  (id,contract_type_cd,staff_first_name,staff_last_name,gender_cd,staff_address,staff_email_address,staff_phone_number)
VALUES
  (1,1,'John','Smith',1,'10-18 Geryon Montes','john.s@example.com','XXX-741-9881'),
  (2,2,'Mia','Smith',2,'191-9 Ravi Vallis','mia.s@example.com','XXX-381-2595'),
  (3,2,'William','Garcia',1,'56-12 Hypsas Vallis','william.g@example.com','XXX-416-6645'),
  (4,2,'Liam','Davis',1,'135-1 Hermus Vallis','liam.d@example.com','XXX-526-3448'),
  (5,2,'Oliver','Rodriguez',1,'35-3 Amenthes Planum','oliver.r@example.com','XXX-195-1135'),
  (6,2,'Sarah','White',2,'242-3 Geryon Montes','sarah.w@example.com','XXX-800-7705'),
  (7,5,'Eleanor','Taylor',2,'45-2 Verde Vallis','eleanor.t@example.com','XXX-218-4796'),
  (8,5,'Gianna','Brown',2,'282-9 Frento Vallis','gianna.b@example.com','XXX-869-2508'),
  (9,2,'Ethan','Moore',1,'93-11 Granicus Valles','ethan.m@example.com','XXX-060-4077'),
  (10,5,'Charles','Hernandez',1,'81-15 Chalce Montes','charles.h@example.com','XXX-061-2330'),
  (11,5,'Henry','Smith',1,'204-18 Asopus Vallis','henry.s@example.com','XXX-313-2708'),
  (12,5,'Mason','Jones',1,'225-1 Maumee Valles','mason.j@example.com','XXX-837-9065'),
  (13,5,'Harry','Garcia',1,'236-5 Euripus Mons','harry.g@example.com','XXX-667-3862'),
  (14,5,'Levi','Brown',2,'293-8 Charitum Montes','levi.b@example.com','XXX-668-3943')
;

INSERT INTO restodb.staff_rolls
  (id,staff_id,roll_id,effective_date,expiration_date)
VALUES
  (1,1,1,'2024-01-01',NULL),
  (2,1,3,'2024-01-01',NULL),
  (3,2,2,'2024-01-01',NULL),
  (4,2,4,'2024-01-01',NULL),
  (5,3,3,'2024-01-01',NULL),
  (6,4,3,'2024-01-01',NULL),
  (7,5,3,'2024-01-01',NULL),
  (8,6,4,'2024-01-01',NULL),
  (9,7,4,'2024-01-01',NULL),
  (10,8,4,'2024-01-01',NULL),
  (11,9,5,'2024-01-01',NULL),
  (12,10,5,'2024-01-01',NULL),
  (13,11,5,'2024-01-01',NULL),
  (14,12,5,'2024-01-01',NULL),
  (15,13,5,'2024-01-01',NULL),
  (16,14,5,'2024-01-01',NULL)
;

INSERT INTO restodb.shifts
  (id,staff_id,shift_start_datetime,shift_end_datetime,shift_status_cd,shift_comment)
VALUES
  (1,1,'2024/09/01 16:00','2024/09/02 00:00',NULL,NULL),
  (2,3,'2024/09/01 09:00','2024/09/01 17:00',NULL,NULL),
  (3,4,'2024/09/01 16:00','2024/09/02 00:00',NULL,NULL),
  (4,5,'2024/09/01 09:00','2024/09/01 17:00',NULL,NULL),
  (5,2,'2024/09/01 10:00','2024/09/01 17:00',NULL,NULL),
  (6,7,'2024/09/01 16:00','2024/09/02 00:00',NULL,NULL),
  (7,6,'2024/09/01 10:00','2024/09/01 17:00',NULL,NULL),
  (8,8,'2024/09/01 16:00','2024/09/02 00:00',NULL,NULL),
  (9,9,'2024/09/01 10:00','2024/09/01 17:00',NULL,NULL),
  (10,10,'2024/09/01 10:00','2024/09/01 17:00',NULL,NULL),
  (11,11,'2024/09/01 10:00','2024/09/01 17:00',NULL,NULL),
  (12,12,'2024/09/01 16:00','2024/09/01 23:00',NULL,NULL),
  (13,13,'2024/09/01 16:00','2024/09/01 23:00',NULL,NULL),
  (14,14,'2024/09/01 16:00','2024/09/01 23:00',NULL,NULL),
  (15,1,'2024/09/02 16:00','2024/09/03 00:00',NULL,NULL),
  (16,3,'2024/09/02 09:00','2024/09/02 17:00',NULL,NULL),
  (17,4,'2024/09/02 16:00','2024/09/03 00:00',NULL,NULL),
  (18,5,'2024/09/02 09:00','2024/09/02 17:00',NULL,NULL),
  (19,2,'2024/09/02 10:00','2024/09/02 17:00',NULL,NULL),
  (20,7,'2024/09/02 16:00','2024/09/03 00:00',NULL,NULL),
  (21,6,'2024/09/02 10:00','2024/09/02 17:00',NULL,NULL),
  (22,8,'2024/09/02 16:00','2024/09/03 00:00',NULL,NULL),
  (23,9,'2024/09/02 10:00','2024/09/02 17:00',NULL,NULL),
  (24,10,'2024/09/02 10:00','2024/09/02 17:00',NULL,NULL),
  (25,11,'2024/09/02 10:00','2024/09/02 17:00',NULL,NULL),
  (26,12,'2024/09/02 16:00','2024/09/02 23:00',NULL,NULL),
  (27,13,'2024/09/02 16:00','2024/09/02 23:00',NULL,NULL),
  (28,14,'2024/09/02 16:00','2024/09/02 23:00',NULL,NULL),
  (29,1,'2024/09/03 16:00','2024/09/04 00:00',NULL,NULL),
  (30,3,'2024/09/03 09:00','2024/09/03 17:00',NULL,NULL),
  (31,4,'2024/09/03 16:00','2024/09/04 00:00',NULL,NULL),
  (32,5,'2024/09/03 09:00','2024/09/03 17:00',NULL,NULL),
  (33,2,'2024/09/03 10:00','2024/09/03 17:00',NULL,NULL),
  (34,7,'2024/09/03 16:00','2024/09/04 00:00',NULL,NULL),
  (35,6,'2024/09/03 10:00','2024/09/03 17:00',NULL,NULL),
  (36,8,'2024/09/03 16:00','2024/09/04 00:00',NULL,NULL),
  (37,9,'2024/09/03 10:00','2024/09/03 17:00',NULL,NULL),
  (38,10,'2024/09/03 10:00','2024/09/03 17:00',NULL,NULL),
  (39,11,'2024/09/03 10:00','2024/09/03 17:00',NULL,NULL),
  (40,12,'2024/09/03 16:00','2024/09/03 23:00',NULL,NULL),
  (41,13,'2024/09/03 16:00','2024/09/03 23:00',NULL,NULL),
  (42,14,'2024/09/03 16:00','2024/09/03 23:00',NULL,NULL),
  (43,1,'2024/09/05 16:00','2024/09/06 00:00',NULL,NULL),
  (44,3,'2024/09/05 09:00','2024/09/05 17:00',NULL,NULL),
  (45,4,'2024/09/05 16:00','2024/09/06 00:00',NULL,NULL),
  (46,5,'2024/09/05 09:00','2024/09/05 17:00',NULL,NULL),
  (47,2,'2024/09/05 10:00','2024/09/05 17:00',NULL,NULL),
  (48,7,'2024/09/05 16:00','2024/09/06 00:00',NULL,NULL),
  (49,6,'2024/09/05 10:00','2024/09/05 17:00',NULL,NULL),
  (50,8,'2024/09/05 16:00','2024/09/06 00:00',NULL,NULL),
  (51,9,'2024/09/05 10:00','2024/09/05 17:00',NULL,NULL),
  (52,10,'2024/09/05 10:00','2024/09/05 17:00',NULL,NULL),
  (53,11,'2024/09/05 10:00','2024/09/05 17:00',NULL,NULL),
  (54,12,'2024/09/05 16:00','2024/09/05 23:00',NULL,NULL),
  (55,13,'2024/09/05 16:00','2024/09/05 23:00',NULL,NULL),
  (56,14,'2024/09/05 16:00','2024/09/05 23:00',NULL,NULL),
  (57,1,'2024/09/06 16:00','2024/09/07 00:00',NULL,NULL),
  (58,3,'2024/09/06 09:00','2024/09/06 17:00',NULL,NULL),
  (59,4,'2024/09/06 16:00','2024/09/07 00:00',NULL,NULL),
  (60,5,'2024/09/06 09:00','2024/09/06 17:00',NULL,NULL),
  (61,2,'2024/09/06 10:00','2024/09/06 17:00',NULL,NULL),
  (62,7,'2024/09/06 16:00','2024/09/07 00:00',NULL,NULL),
  (63,6,'2024/09/06 10:00','2024/09/06 17:00',NULL,NULL),
  (64,8,'2024/09/06 16:00','2024/09/07 00:00',NULL,NULL),
  (65,9,'2024/09/06 10:00','2024/09/06 17:00',NULL,NULL),
  (66,10,'2024/09/06 10:00','2024/09/06 17:00',NULL,NULL),
  (67,11,'2024/09/06 10:00','2024/09/06 17:00',NULL,NULL),
  (68,12,'2024/09/06 16:00','2024/09/06 23:00',NULL,NULL),
  (69,13,'2024/09/06 16:00','2024/09/06 23:00',NULL,NULL),
  (70,14,'2024/09/06 16:00','2024/09/06 23:00',NULL,NULL),
  (71,1,'2024/09/07 16:00','2024/09/08 00:00',NULL,NULL),
  (72,3,'2024/09/07 09:00','2024/09/07 17:00',NULL,NULL),
  (73,4,'2024/09/07 16:00','2024/09/08 00:00',NULL,NULL),
  (74,5,'2024/09/07 09:00','2024/09/07 17:00',NULL,NULL),
  (75,2,'2024/09/07 10:00','2024/09/07 17:00',NULL,NULL),
  (76,7,'2024/09/07 16:00','2024/09/08 00:00',NULL,NULL),
  (77,6,'2024/09/07 10:00','2024/09/07 17:00',NULL,NULL),
  (78,8,'2024/09/07 16:00','2024/09/08 00:00',NULL,NULL),
  (79,9,'2024/09/07 10:00','2024/09/07 17:00',NULL,NULL),
  (80,10,'2024/09/07 10:00','2024/09/07 17:00',NULL,NULL),
  (81,11,'2024/09/07 10:00','2024/09/07 17:00',NULL,NULL),
  (82,12,'2024/09/07 16:00','2024/09/07 23:00',NULL,NULL),
  (83,13,'2024/09/07 16:00','2024/09/07 23:00',NULL,NULL),
  (84,14,'2024/09/07 16:00','2024/09/07 23:00',NULL,NULL),
  (85,1,'2024/09/08 16:00','2024/09/09 00:00',NULL,NULL),
  (86,3,'2024/09/08 09:00','2024/09/08 17:00',NULL,NULL),
  (87,4,'2024/09/08 16:00','2024/09/09 00:00',NULL,NULL),
  (88,5,'2024/09/08 09:00','2024/09/08 17:00',NULL,NULL),
  (89,2,'2024/09/08 10:00','2024/09/08 17:00',NULL,NULL),
  (90,7,'2024/09/08 16:00','2024/09/09 00:00',NULL,NULL),
  (91,6,'2024/09/08 10:00','2024/09/08 17:00',NULL,NULL),
  (92,8,'2024/09/08 16:00','2024/09/09 00:00',NULL,NULL),
  (93,9,'2024/09/08 10:00','2024/09/08 17:00',NULL,NULL),
  (94,10,'2024/09/08 10:00','2024/09/08 17:00',NULL,NULL),
  (95,11,'2024/09/08 10:00','2024/09/08 17:00',NULL,NULL),
  (96,12,'2024/09/08 16:00','2024/09/08 23:00',NULL,NULL),
  (97,13,'2024/09/08 16:00','2024/09/08 23:00',NULL,NULL),
  (98,14,'2024/09/08 16:00','2024/09/08 23:00',NULL,NULL),
  (99,1,'2024/09/09 16:00','2024/09/10 00:00',NULL,NULL),
  (100,3,'2024/09/09 09:00','2024/09/09 17:00',NULL,NULL),
  (101,4,'2024/09/09 16:00','2024/09/10 00:00',NULL,NULL),
  (102,5,'2024/09/09 09:00','2024/09/09 17:00',NULL,NULL),
  (103,2,'2024/09/09 10:00','2024/09/09 17:00',NULL,NULL),
  (104,7,'2024/09/09 16:00','2024/09/10 00:00',NULL,NULL),
  (105,6,'2024/09/09 10:00','2024/09/09 17:00',NULL,NULL),
  (106,8,'2024/09/09 16:00','2024/09/10 00:00',NULL,NULL),
  (107,9,'2024/09/09 10:00','2024/09/09 17:00',NULL,NULL),
  (108,10,'2024/09/09 10:00','2024/09/09 17:00',NULL,NULL),
  (109,11,'2024/09/09 10:00','2024/09/09 17:00',NULL,NULL),
  (110,12,'2024/09/09 16:00','2024/09/09 23:00',NULL,NULL),
  (111,13,'2024/09/09 16:00','2024/09/09 23:00',NULL,NULL),
  (112,14,'2024/09/09 16:00','2024/09/09 23:00',NULL,NULL),
  (113,1,'2024/09/10 16:00','2024/09/11 00:00',NULL,NULL),
  (114,3,'2024/09/10 09:00','2024/09/10 17:00',NULL,NULL),
  (115,4,'2024/09/10 16:00','2024/09/11 00:00',NULL,NULL),
  (116,5,'2024/09/10 09:00','2024/09/10 17:00',NULL,NULL),
  (117,2,'2024/09/10 10:00','2024/09/10 17:00',NULL,NULL),
  (118,7,'2024/09/10 16:00','2024/09/11 00:00',NULL,NULL),
  (119,6,'2024/09/10 10:00','2024/09/10 17:00',NULL,NULL),
  (120,8,'2024/09/10 16:00','2024/09/11 00:00',NULL,NULL),
  (121,9,'2024/09/10 10:00','2024/09/10 17:00',NULL,NULL),
  (122,10,'2024/09/10 10:00','2024/09/10 17:00',NULL,NULL),
  (123,11,'2024/09/10 10:00','2024/09/10 17:00',NULL,NULL),
  (124,12,'2024/09/10 16:00','2024/09/10 23:00',NULL,NULL),
  (125,13,'2024/09/10 16:00','2024/09/10 23:00',NULL,NULL),
  (126,14,'2024/09/10 16:00','2024/09/10 23:00',NULL,NULL),
  (127,1,'2024/09/12 16:00','2024/09/13 00:00',NULL,NULL),
  (128,3,'2024/09/12 09:00','2024/09/12 17:00',NULL,NULL),
  (129,4,'2024/09/12 16:00','2024/09/13 00:00',NULL,NULL),
  (130,5,'2024/09/12 09:00','2024/09/12 17:00',NULL,NULL),
  (131,2,'2024/09/12 10:00','2024/09/12 17:00',NULL,NULL),
  (132,7,'2024/09/12 16:00','2024/09/13 00:00',NULL,NULL),
  (133,6,'2024/09/12 10:00','2024/09/12 17:00',NULL,NULL),
  (134,8,'2024/09/12 16:00','2024/09/13 00:00',NULL,NULL),
  (135,9,'2024/09/12 10:00','2024/09/12 17:00',NULL,NULL),
  (136,10,'2024/09/12 10:00','2024/09/12 17:00',NULL,NULL),
  (137,11,'2024/09/12 10:00','2024/09/12 17:00',NULL,NULL),
  (138,12,'2024/09/12 16:00','2024/09/12 23:00',NULL,NULL),
  (139,13,'2024/09/12 16:00','2024/09/12 23:00',NULL,NULL),
  (140,14,'2024/09/12 16:00','2024/09/12 23:00',NULL,NULL),
  (141,1,'2024/09/13 16:00','2024/09/14 00:00',NULL,NULL),
  (142,3,'2024/09/13 09:00','2024/09/13 17:00',NULL,NULL),
  (143,4,'2024/09/13 16:00','2024/09/14 00:00',NULL,NULL),
  (144,5,'2024/09/13 09:00','2024/09/13 17:00',NULL,NULL),
  (145,2,'2024/09/13 10:00','2024/09/13 17:00',NULL,NULL),
  (146,7,'2024/09/13 16:00','2024/09/14 00:00',NULL,NULL),
  (147,6,'2024/09/13 10:00','2024/09/13 17:00',NULL,NULL),
  (148,8,'2024/09/13 16:00','2024/09/14 00:00',NULL,NULL),
  (149,9,'2024/09/13 10:00','2024/09/13 17:00',NULL,NULL),
  (150,10,'2024/09/13 10:00','2024/09/13 17:00',NULL,NULL),
  (151,11,'2024/09/13 10:00','2024/09/13 17:00',NULL,NULL),
  (152,12,'2024/09/13 16:00','2024/09/13 23:00',NULL,NULL),
  (153,13,'2024/09/13 16:00','2024/09/13 23:00',NULL,NULL),
  (154,14,'2024/09/13 16:00','2024/09/13 23:00',NULL,NULL),
  (155,1,'2024/09/14 16:00','2024/09/15 00:00',NULL,NULL),
  (156,3,'2024/09/14 09:00','2024/09/14 17:00',NULL,NULL),
  (157,4,'2024/09/14 16:00','2024/09/15 00:00',NULL,NULL),
  (158,5,'2024/09/14 09:00','2024/09/14 17:00',NULL,NULL),
  (159,2,'2024/09/14 10:00','2024/09/14 17:00',NULL,NULL),
  (160,7,'2024/09/14 16:00','2024/09/15 00:00',NULL,NULL),
  (161,6,'2024/09/14 10:00','2024/09/14 17:00',NULL,NULL),
  (162,8,'2024/09/14 16:00','2024/09/15 00:00',NULL,NULL),
  (163,9,'2024/09/14 10:00','2024/09/14 17:00',NULL,NULL),
  (164,10,'2024/09/14 10:00','2024/09/14 17:00',NULL,NULL),
  (165,11,'2024/09/14 10:00','2024/09/14 17:00',NULL,NULL),
  (166,12,'2024/09/14 16:00','2024/09/14 23:00',NULL,NULL),
  (167,13,'2024/09/14 16:00','2024/09/14 23:00',NULL,NULL),
  (168,14,'2024/09/14 16:00','2024/09/14 23:00',NULL,NULL),
  (169,1,'2024/09/15 16:00','2024/09/16 00:00',NULL,NULL),
  (170,3,'2024/09/15 09:00','2024/09/15 17:00',NULL,NULL),
  (171,4,'2024/09/15 16:00','2024/09/16 00:00',NULL,NULL),
  (172,5,'2024/09/15 09:00','2024/09/15 17:00',NULL,NULL),
  (173,2,'2024/09/15 10:00','2024/09/15 17:00',NULL,NULL),
  (174,7,'2024/09/15 16:00','2024/09/16 00:00',NULL,NULL),
  (175,6,'2024/09/15 10:00','2024/09/15 17:00',NULL,NULL),
  (176,8,'2024/09/15 16:00','2024/09/16 00:00',NULL,NULL),
  (177,9,'2024/09/15 10:00','2024/09/15 17:00',NULL,NULL),
  (178,10,'2024/09/15 10:00','2024/09/15 17:00',NULL,NULL),
  (179,11,'2024/09/15 10:00','2024/09/15 17:00',NULL,NULL),
  (180,12,'2024/09/15 16:00','2024/09/15 23:00',NULL,NULL),
  (181,13,'2024/09/15 16:00','2024/09/15 23:00',NULL,NULL),
  (182,14,'2024/09/15 16:00','2024/09/15 23:00',NULL,NULL),
  (183,1,'2024/09/16 16:00','2024/09/17 00:00',NULL,NULL),
  (184,3,'2024/09/16 09:00','2024/09/16 17:00',NULL,NULL),
  (185,4,'2024/09/16 16:00','2024/09/17 00:00',NULL,NULL),
  (186,5,'2024/09/16 09:00','2024/09/16 17:00',NULL,NULL),
  (187,2,'2024/09/16 10:00','2024/09/16 17:00',NULL,NULL),
  (188,7,'2024/09/16 16:00','2024/09/17 00:00',NULL,NULL),
  (189,6,'2024/09/16 10:00','2024/09/16 17:00',NULL,NULL),
  (190,8,'2024/09/16 16:00','2024/09/17 00:00',NULL,NULL),
  (191,9,'2024/09/16 10:00','2024/09/16 17:00',NULL,NULL),
  (192,10,'2024/09/16 10:00','2024/09/16 17:00',NULL,NULL),
  (193,11,'2024/09/16 10:00','2024/09/16 17:00',NULL,NULL),
  (194,12,'2024/09/16 16:00','2024/09/16 23:00',NULL,NULL),
  (195,13,'2024/09/16 16:00','2024/09/16 23:00',NULL,NULL),
  (196,14,'2024/09/16 16:00','2024/09/16 23:00',NULL,NULL),
  (197,1,'2024/09/17 16:00','2024/09/18 00:00',NULL,NULL),
  (198,3,'2024/09/17 09:00','2024/09/17 17:00',NULL,NULL),
  (199,4,'2024/09/17 16:00','2024/09/18 00:00',NULL,NULL),
  (200,5,'2024/09/17 09:00','2024/09/17 17:00',NULL,NULL),
  (201,2,'2024/09/17 10:00','2024/09/17 17:00',NULL,NULL),
  (202,7,'2024/09/17 16:00','2024/09/18 00:00',NULL,NULL),
  (203,6,'2024/09/17 10:00','2024/09/17 17:00',NULL,NULL),
  (204,8,'2024/09/17 16:00','2024/09/18 00:00',NULL,NULL),
  (205,9,'2024/09/17 10:00','2024/09/17 17:00',NULL,NULL),
  (206,10,'2024/09/17 10:00','2024/09/17 17:00',NULL,NULL),
  (207,11,'2024/09/17 10:00','2024/09/17 17:00',NULL,NULL),
  (208,12,'2024/09/17 16:00','2024/09/17 23:00',NULL,NULL),
  (209,13,'2024/09/17 16:00','2024/09/17 23:00',NULL,NULL),
  (210,14,'2024/09/17 16:00','2024/09/17 23:00',NULL,NULL),
  (211,1,'2024/09/19 16:00','2024/09/20 00:00',NULL,NULL),
  (212,3,'2024/09/19 09:00','2024/09/19 17:00',NULL,NULL),
  (213,4,'2024/09/19 16:00','2024/09/20 00:00',NULL,NULL),
  (214,5,'2024/09/19 09:00','2024/09/19 17:00',NULL,NULL),
  (215,2,'2024/09/19 10:00','2024/09/19 17:00',NULL,NULL),
  (216,7,'2024/09/19 16:00','2024/09/20 00:00',NULL,NULL),
  (217,6,'2024/09/19 10:00','2024/09/19 17:00',NULL,NULL),
  (218,8,'2024/09/19 16:00','2024/09/20 00:00',NULL,NULL),
  (219,9,'2024/09/19 10:00','2024/09/19 17:00',NULL,NULL),
  (220,10,'2024/09/19 10:00','2024/09/19 17:00',NULL,NULL),
  (221,11,'2024/09/19 10:00','2024/09/19 17:00',NULL,NULL),
  (222,12,'2024/09/19 16:00','2024/09/19 23:00',NULL,NULL),
  (223,13,'2024/09/19 16:00','2024/09/19 23:00',NULL,NULL),
  (224,14,'2024/09/19 16:00','2024/09/19 23:00',NULL,NULL),
  (225,1,'2024/09/20 16:00','2024/09/21 00:00',NULL,NULL),
  (226,3,'2024/09/20 09:00','2024/09/20 17:00',NULL,NULL),
  (227,4,'2024/09/20 16:00','2024/09/21 00:00',NULL,NULL),
  (228,5,'2024/09/20 09:00','2024/09/20 17:00',NULL,NULL),
  (229,2,'2024/09/20 10:00','2024/09/20 17:00',NULL,NULL),
  (230,7,'2024/09/20 16:00','2024/09/21 00:00',NULL,NULL),
  (231,6,'2024/09/20 10:00','2024/09/20 17:00',NULL,NULL),
  (232,8,'2024/09/20 16:00','2024/09/21 00:00',NULL,NULL),
  (233,9,'2024/09/20 10:00','2024/09/20 17:00',NULL,NULL),
  (234,10,'2024/09/20 10:00','2024/09/20 17:00',NULL,NULL),
  (235,11,'2024/09/20 10:00','2024/09/20 17:00',NULL,NULL),
  (236,12,'2024/09/20 16:00','2024/09/20 23:00',NULL,NULL),
  (237,13,'2024/09/20 16:00','2024/09/20 23:00',NULL,NULL),
  (238,14,'2024/09/20 16:00','2024/09/20 23:00',NULL,NULL),
  (239,1,'2024/09/21 16:00','2024/09/22 00:00',NULL,NULL),
  (240,3,'2024/09/21 09:00','2024/09/21 17:00',NULL,NULL),
  (241,4,'2024/09/21 16:00','2024/09/22 00:00',NULL,NULL),
  (242,5,'2024/09/21 09:00','2024/09/21 17:00',NULL,NULL),
  (243,2,'2024/09/21 10:00','2024/09/21 17:00',NULL,NULL),
  (244,7,'2024/09/21 16:00','2024/09/22 00:00',NULL,NULL),
  (245,6,'2024/09/21 10:00','2024/09/21 17:00',NULL,NULL),
  (246,8,'2024/09/21 16:00','2024/09/22 00:00',NULL,NULL),
  (247,9,'2024/09/21 10:00','2024/09/21 17:00',NULL,NULL),
  (248,10,'2024/09/21 10:00','2024/09/21 17:00',NULL,NULL),
  (249,11,'2024/09/21 10:00','2024/09/21 17:00',NULL,NULL),
  (250,12,'2024/09/21 16:00','2024/09/21 23:00',NULL,NULL),
  (251,13,'2024/09/21 16:00','2024/09/21 23:00',NULL,NULL),
  (252,14,'2024/09/21 16:00','2024/09/21 23:00',NULL,NULL),
  (253,1,'2024/09/22 16:00','2024/09/23 00:00',NULL,NULL),
  (254,3,'2024/09/22 09:00','2024/09/22 17:00',NULL,NULL),
  (255,4,'2024/09/22 16:00','2024/09/23 00:00',NULL,NULL),
  (256,5,'2024/09/22 09:00','2024/09/22 17:00',NULL,NULL),
  (257,2,'2024/09/22 10:00','2024/09/22 17:00',NULL,NULL),
  (258,7,'2024/09/22 16:00','2024/09/23 00:00',NULL,NULL),
  (259,6,'2024/09/22 10:00','2024/09/22 17:00',NULL,NULL),
  (260,8,'2024/09/22 16:00','2024/09/23 00:00',NULL,NULL),
  (261,9,'2024/09/22 10:00','2024/09/22 17:00',NULL,NULL),
  (262,10,'2024/09/22 10:00','2024/09/22 17:00',NULL,NULL),
  (263,11,'2024/09/22 10:00','2024/09/22 17:00',NULL,NULL),
  (264,12,'2024/09/22 16:00','2024/09/22 23:00',NULL,NULL),
  (265,13,'2024/09/22 16:00','2024/09/22 23:00',NULL,NULL),
  (266,14,'2024/09/22 16:00','2024/09/22 23:00',NULL,NULL),
  (267,1,'2024/09/23 16:00','2024/09/24 00:00',NULL,NULL),
  (268,3,'2024/09/23 09:00','2024/09/23 17:00',NULL,NULL),
  (269,4,'2024/09/23 16:00','2024/09/24 00:00',NULL,NULL),
  (270,5,'2024/09/23 09:00','2024/09/23 17:00',NULL,NULL),
  (271,2,'2024/09/23 10:00','2024/09/23 17:00',NULL,NULL),
  (272,7,'2024/09/23 16:00','2024/09/24 00:00',NULL,NULL),
  (273,6,'2024/09/23 10:00','2024/09/23 17:00',NULL,NULL),
  (274,8,'2024/09/23 16:00','2024/09/24 00:00',NULL,NULL),
  (275,9,'2024/09/23 10:00','2024/09/23 17:00',NULL,NULL),
  (276,10,'2024/09/23 10:00','2024/09/23 17:00',NULL,NULL),
  (277,11,'2024/09/23 10:00','2024/09/23 17:00',NULL,NULL),
  (278,12,'2024/09/23 16:00','2024/09/23 23:00',NULL,NULL),
  (279,13,'2024/09/23 16:00','2024/09/23 23:00',NULL,NULL),
  (280,14,'2024/09/23 16:00','2024/09/23 23:00',NULL,NULL),
  (281,1,'2024/09/24 16:00','2024/09/25 00:00',NULL,NULL),
  (282,3,'2024/09/24 09:00','2024/09/24 17:00',NULL,NULL),
  (283,4,'2024/09/24 16:00','2024/09/25 00:00',NULL,NULL),
  (284,5,'2024/09/24 09:00','2024/09/24 17:00',NULL,NULL),
  (285,2,'2024/09/24 10:00','2024/09/24 17:00',NULL,NULL),
  (286,7,'2024/09/24 16:00','2024/09/25 00:00',NULL,NULL),
  (287,6,'2024/09/24 10:00','2024/09/24 17:00',NULL,NULL),
  (288,8,'2024/09/24 16:00','2024/09/25 00:00',NULL,NULL),
  (289,9,'2024/09/24 10:00','2024/09/24 17:00',NULL,NULL),
  (290,10,'2024/09/24 10:00','2024/09/24 17:00',NULL,NULL),
  (291,11,'2024/09/24 10:00','2024/09/24 17:00',NULL,NULL),
  (292,12,'2024/09/24 16:00','2024/09/24 23:00',NULL,NULL),
  (293,13,'2024/09/24 16:00','2024/09/24 23:00',NULL,NULL),
  (294,14,'2024/09/24 16:00','2024/09/24 23:00',NULL,NULL),
  (295,1,'2024/09/26 16:00','2024/09/27 00:00',NULL,NULL),
  (296,3,'2024/09/26 09:00','2024/09/26 17:00',NULL,NULL),
  (297,4,'2024/09/26 16:00','2024/09/27 00:00',NULL,NULL),
  (298,5,'2024/09/26 09:00','2024/09/26 17:00',NULL,NULL),
  (299,2,'2024/09/26 10:00','2024/09/26 17:00',NULL,NULL),
  (300,7,'2024/09/26 16:00','2024/09/27 00:00',NULL,NULL),
  (301,6,'2024/09/26 10:00','2024/09/26 17:00',NULL,NULL),
  (302,8,'2024/09/26 16:00','2024/09/27 00:00',NULL,NULL),
  (303,9,'2024/09/26 10:00','2024/09/26 17:00',NULL,NULL),
  (304,10,'2024/09/26 10:00','2024/09/26 17:00',NULL,NULL),
  (305,11,'2024/09/26 10:00','2024/09/26 17:00',NULL,NULL),
  (306,12,'2024/09/26 16:00','2024/09/26 23:00',NULL,NULL),
  (307,13,'2024/09/26 16:00','2024/09/26 23:00',NULL,NULL),
  (308,14,'2024/09/26 16:00','2024/09/26 23:00',NULL,NULL),
  (309,1,'2024/09/27 16:00','2024/09/28 00:00',NULL,NULL),
  (310,3,'2024/09/27 09:00','2024/09/27 17:00',NULL,NULL),
  (311,4,'2024/09/27 16:00','2024/09/28 00:00',NULL,NULL),
  (312,5,'2024/09/27 09:00','2024/09/27 17:00',NULL,NULL),
  (313,2,'2024/09/27 10:00','2024/09/27 17:00',NULL,NULL),
  (314,7,'2024/09/27 16:00','2024/09/28 00:00',NULL,NULL),
  (315,6,'2024/09/27 10:00','2024/09/27 17:00',NULL,NULL),
  (316,8,'2024/09/27 16:00','2024/09/28 00:00',NULL,NULL),
  (317,9,'2024/09/27 10:00','2024/09/27 17:00',NULL,NULL),
  (318,10,'2024/09/27 10:00','2024/09/27 17:00',NULL,NULL),
  (319,11,'2024/09/27 10:00','2024/09/27 17:00',NULL,NULL),
  (320,12,'2024/09/27 16:00','2024/09/27 23:00',NULL,NULL),
  (321,13,'2024/09/27 16:00','2024/09/27 23:00',NULL,NULL),
  (322,14,'2024/09/27 16:00','2024/09/27 23:00',NULL,NULL),
  (323,1,'2024/09/28 16:00','2024/09/29 00:00',NULL,NULL),
  (324,3,'2024/09/28 09:00','2024/09/28 17:00',NULL,NULL),
  (325,4,'2024/09/28 16:00','2024/09/29 00:00',NULL,NULL),
  (326,5,'2024/09/28 09:00','2024/09/28 17:00',NULL,NULL),
  (327,2,'2024/09/28 10:00','2024/09/28 17:00',NULL,NULL),
  (328,7,'2024/09/28 16:00','2024/09/29 00:00',NULL,NULL),
  (329,6,'2024/09/28 10:00','2024/09/28 17:00',NULL,NULL),
  (330,8,'2024/09/28 16:00','2024/09/29 00:00',NULL,NULL),
  (331,9,'2024/09/28 10:00','2024/09/28 17:00',NULL,NULL),
  (332,10,'2024/09/28 10:00','2024/09/28 17:00',NULL,NULL),
  (333,11,'2024/09/28 10:00','2024/09/28 17:00',NULL,NULL),
  (334,12,'2024/09/28 16:00','2024/09/28 23:00',NULL,NULL),
  (335,13,'2024/09/28 16:00','2024/09/28 23:00',NULL,NULL),
  (336,14,'2024/09/28 16:00','2024/09/28 23:00',NULL,NULL),
  (337,1,'2024/09/29 16:00','2024/09/30 00:00',NULL,NULL),
  (338,3,'2024/09/29 09:00','2024/09/29 17:00',NULL,NULL),
  (339,4,'2024/09/29 16:00','2024/09/30 00:00',NULL,NULL),
  (340,5,'2024/09/29 09:00','2024/09/29 17:00',NULL,NULL),
  (341,2,'2024/09/29 10:00','2024/09/29 17:00',NULL,NULL),
  (342,7,'2024/09/29 16:00','2024/09/30 00:00',NULL,NULL),
  (343,6,'2024/09/29 10:00','2024/09/29 17:00',NULL,NULL),
  (344,8,'2024/09/29 16:00','2024/09/30 00:00',NULL,NULL),
  (345,9,'2024/09/29 10:00','2024/09/29 17:00',NULL,NULL),
  (346,10,'2024/09/29 10:00','2024/09/29 17:00',NULL,NULL),
  (347,11,'2024/09/29 10:00','2024/09/29 17:00',NULL,NULL),
  (348,12,'2024/09/29 16:00','2024/09/29 23:00',NULL,NULL),
  (349,13,'2024/09/29 16:00','2024/09/29 23:00',NULL,NULL),
  (350,14,'2024/09/29 16:00','2024/09/29 23:00',NULL,NULL),
  (351,1,'2024/09/30 16:00','2024/10/01 00:00',NULL,NULL),
  (352,3,'2024/09/30 09:00','2024/09/30 17:00',NULL,NULL),
  (353,4,'2024/09/30 16:00','2024/10/01 00:00',NULL,NULL),
  (354,5,'2024/09/30 09:00','2024/09/30 17:00',NULL,NULL),
  (355,2,'2024/09/30 10:00','2024/09/30 17:00',NULL,NULL),
  (356,7,'2024/09/30 16:00','2024/10/01 00:00',NULL,NULL),
  (357,6,'2024/09/30 10:00','2024/09/30 17:00',NULL,NULL),
  (358,8,'2024/09/30 16:00','2024/10/01 00:00',NULL,NULL),
  (359,9,'2024/09/30 10:00','2024/09/30 17:00',NULL,NULL),
  (360,10,'2024/09/30 10:00','2024/09/30 17:00',NULL,NULL),
  (361,11,'2024/09/30 10:00','2024/09/30 17:00',NULL,NULL),
  (362,12,'2024/09/30 16:00','2024/09/30 23:00',NULL,NULL),
  (363,13,'2024/09/30 16:00','2024/09/30 23:00',NULL,NULL),
  (364,14,'2024/09/30 16:00','2024/09/30 23:00',NULL,NULL)
;

COMMIT;

